itemId,title,globalId,categoryId,categoryName,galleryURL,viewItemURL,paymentMethod,autoPay,postalCode,location,country,currentPrice,convertedCurrentPrice,bidCount,sellingState,timeLeft,bestOfferEnabled,buyItNowAvailable,buyItNowPrice,convertedBuyItNowPrice,startTime,endTime,listingType,gift,returnsAccepted,condition,isMultiVariationListing,topRatedListing,productId,galleryPlusPictureURL,subtitle
321745233966,"Apple Mac Book Pro 15"" Early 2011 Perfect condition!",EBAY-US,111422,Apple Laptops,http://thumbs3.ebaystatic.com/m/mHHkJJsN-JQhFrf3p09gJAg/140.jpg,http://www.ebay.com/itm/Apple-Mac-Book-Pro-15-Early-2011-Perfect-condition-/321745233966?pt=LH_DefaultDomain_0,PayPal,true,32207,"Jacksonville,FL,USA",US,202.5,202.5,21,Active,P1DT21H30M29S,false,true,899.0,899.0,2015-05-04T00:19:53.000Z,2015-05-11T00:19:53.000Z,AuctionWithBIN,false,false,None,false,false
201344622566,"Apple MacBook Pro 2.4GHz Core 2 Duo 13"" (MC374LL/A) 4GB 250GB AS-IS NO BATTERY",EBAY-US,111422,Apple Laptops,http://thumbs3.ebaystatic.com/m/mmuvdXk0Fu3HkYWxlnMgTwg/140.jpg,http://www.ebay.com/itm/Apple-MacBook-Pro-2-4GHz-Core-2-Duo-13-MC374LL-A-4GB-250GB-AS-IS-NO-BATTERY-/201344622566?pt=LH_DefaultDomain_0,PayPal,true,32207,USA,US,189.97,189.97,0,Active,P1DT21H41M0S,false,true,284.75,284.75,2015-05-06T00:30:24.000Z,2015-05-11T00:30:24.000Z,AuctionWithBIN,false,false,None,false,false,108850048
191575230545,"Apple MacBook Pro 13.3"" Laptop Mid 2012, 2.50GHz, Intel Core i5, 500GB HDD",EBAY-US,111422,Apple Laptops,http://thumbs2.ebaystatic.com/m/mx_5Q7QZuyLAcSjPnXcODNw/140.jpg,http://www.ebay.com/itm/Apple-MacBook-Pro-13-3-Laptop-Mid-2012-2-50GHz-Intel-Core-i5-500GB-HDD-/191575230545?pt=LH_DefaultDomain_0,PayPal,false,83712,"Boise,ID,USA",US,500.0,500.0,0,Active,P1DT21H52M43S,false,true,700.0,700.0,2015-05-08T00:42:07.000Z,2015-05-11T00:42:07.000Z,AuctionWithBIN,false,false,None,false,false,115182969
231553372456,"Late 2007 Apple MacBook Pro 17"" Laptop, 4GB RAM, 2.4GHz Core 2 Duo, 160 GB HDD",EBAY-US,111422,Apple Laptops,http://thumbs1.ebaystatic.com/m/mVfZXgYFHqUiCiy-yDiwpqw/140.jpg,http://www.ebay.com/itm/Late-2007-Apple-MacBook-Pro-17-Laptop-4GB-RAM-2-4GHz-Core-2-Duo-160-GB-HDD-/231553372456?pt=LH_DefaultDomain_0,PayPal,true,81620,"Avon,CO,USA",US,200.0,200.0,0,Active,P1DT22H11M34S,false,true,299.0,299.0,2015-05-08T01:00:58.000Z,2015-05-11T01:00:58.000Z,AuctionWithBIN,false,false,None,false,false,152214816
261875549845,"Apple MacBook Pro 13.3"" Laptop (June, 2012) 2 GHz Intel core 2 Duo",EBAY-US,111422,Apple Laptops,http://thumbs2.ebaystatic.com/m/mt6NTm4evl6gh6pTHTekTig/140.jpg,http://www.ebay.com/itm/Apple-MacBook-Pro-13-3-Laptop-June-2012-2-GHz-Intel-core-2-Duo-/261875549845?pt=LH_DefaultDomain_0,PayPal,true,32835,"Orlando,FL,USA",US,450.0,450.0,0,Active,P1DT22H25M24S,false,true,750.0,750.0,2015-05-04T01:14:48.000Z,2015-05-11T01:14:48.000Z,AuctionWithBIN,false,false,None,false,false,115182969
201344662959,"Apple MacBook Pro 13.3"" Laptop (February, 2011) - Customized",EBAY-US,111422,Apple Laptops,http://thumbs4.ebaystatic.com/m/mySWiWSdafQe2jAXaiB7v7A/140.jpg,http://www.ebay.com/itm/Apple-MacBook-Pro-13-3-Laptop-February-2011-Customized-/201344662959?pt=LH_DefaultDomain_0,PayPal,false,77339,"Kingwood,TX,USA",US,300.0,300.0,0,Active,P1DT22H40M53S,false,true,700.0,700.0,2015-05-06T01:30:17.000Z,2015-05-11T01:30:17.000Z,AuctionWithBIN,false,false,None,false,false,108796569
121640833194,"Apple MacBook Pro 15.4"" Laptop (February, 2011) - Customized",EBAY-US,111422,Apple Laptops,http://thumbs3.ebaystatic.com/m/mA9O_1I6L06o1I_mHq40Bdw/140.jpg,http://www.ebay.com/itm/Apple-MacBook-Pro-15-4-Laptop-February-2011-Customized-/121640833194?pt=LH_DefaultDomain_0,PayPal,false,44270,"Rittman,OH,USA",US,500.0,500.0,0,Active,P1DT23H8M33S,false,true,850.0,850.0,2015-05-04T01:57:57.000Z,2015-05-11T01:57:57.000Z,AuctionWithBIN,false,false,None,false,false,208292445
271861390575,"Apple MacBook Pro 13.3"" Laptop (June, 2012) - Customized 500 GB",EBAY-US,111422,Apple Laptops,http://thumbs4.ebaystatic.com/m/mUHhjvpVarywn9zGe8a6zIg/140.jpg,http://www.ebay.com/itm/Apple-MacBook-Pro-13-3-Laptop-June-2012-Customized-500-GB-/271861390575?pt=LH_DefaultDomain_0,PayPal,false,23233,"Henrico,VA,USA",US,400.0,400.0,0,Active,P1DT23H19M40S,false,true,729.0,729.0,2015-05-06T02:09:04.000Z,2015-05-11T02:09:04.000Z,AuctionWithBIN,false,false,None,false,false,115182969
111663164464,"Apple A1286 PowerBook Pro / Intel Duo / 2.8 GHz /4GB  RAM/  15"" Laptop // APPL",EBAY-US,111422,Apple Laptops,http://thumbs1.ebaystatic.com/m/msPNLBGWlzg06cdgg3kQUfg/140.jpg,http://www.ebay.com/itm/Apple-A1286-PowerBook-Pro-Intel-Duo-2-8-GHz-4GB-RAM-15-Laptop-APPL-/111663164464?pt=LH_DefaultDomain_0,PayPal,false,96093,"Weaverville,CA,USA",US,389.95,389.95,0,Active,P1DT23H40M48S,false,true,519.95,519.95,2015-05-06T02:30:12.000Z,2015-05-11T02:30:12.000Z,AuctionWithBIN,false,false,None,false,false,115182969
221762836230,"APPLE BUNDLE 13"" MACBOOK PRO 2012 4GB 500GB i5 2.5GHZ CHARGER CASE ORIGINAL BOX",EBAY-US,111422,Apple Laptops,http://thumbs3.ebaystatic.com/m/mYCAaS5TREg61AUSErTVNrA/140.jpg,http://www.ebay.com/itm/APPLE-BUNDLE-13-MACBOOK-PRO-2012-4GB-500GB-i5-2-5GHZ-CHARGER-CASE-ORIGINAL-BOX-/221762836230?pt=LH_DefaultDomain_0,PayPal,false,65807,"Springfield,MO,USA",US,600.0,600.0,0,Active,P2DT0H16M26S,false,true,780.0,780.0,2015-05-04T03:05:50.000Z,2015-05-11T03:05:50.000Z,AuctionWithBIN,false,true,None,false,false,115182969,http://galleryplus.ebayimg.com/ws/web/221762836230_1_1_1.jpg
111663302838,"Apple MacBook Pro 13"" Mid-2010 2.66GHz, 8gb RAM, 500 GB HD, w/Yosemite installed",EBAY-US,111422,Apple Laptops,http://thumbs3.ebaystatic.com/m/mzonwHib_m36ANBRA6zlorA/140.jpg,http://www.ebay.com/itm/Apple-MacBook-Pro-13-Mid-2010-2-66GHz-8gb-RAM-500-GB-HD-w-Yosemite-installed-/111663302838?pt=LH_DefaultDomain_0,PayPal,false,10005,"New York,NY,USA",US,400.0,400.0,0,Active,P2DT0H35M36S,false,true,600.0,600.0,2015-05-06T03:25:00.000Z,2015-05-11T03:25:00.000Z,AuctionWithBIN,false,false,None,false,false,115182969,http://galleryplus.ebayimg.com/ws/web/221762836230_1_1_1.jpg
281683865724,"Apple Macbook Pro 15"" Retina Display i7 Processor 2.7GHZ 500GB Storage 16GB Ram",EBAY-US,111422,Apple Laptops,http://thumbs1.ebaystatic.com/m/m1VbtOIiXfTzdBqB1yVIDVA/140.jpg,http://www.ebay.com/itm/Apple-Macbook-Pro-15-Retina-Display-i7-Processor-2-7GHZ-500GB-Storage-16GB-Ram-/281683865724?pt=LH_DefaultDomain_0,PayPal,false,94508,"Angwin,CA,USA",US,1399.0,1399.0,0,Active,P2DT0H56M4S,false,true,1899.0,1899.0,2015-05-06T15:40:40.000Z,2015-05-11T03:45:28.000Z,AuctionWithBIN,false,false,None,false,false,115182969,http://galleryplus.ebayimg.com/ws/web/221762836230_1_1_1.jpg
261877957736,"Apple Macbook Pro 15.4"" Late 2008 - 2.66 Core2Duo, 320GB, 4GB RAM, NVIDIA 9400M",EBAY-US,111422,Apple Laptops,http://thumbs1.ebaystatic.com/m/mO0c7mzYhDLCQgWcjONe70Q/140.jpg,http://www.ebay.com/itm/Apple-Macbook-Pro-15-4-Late-2008-2-66-Core2Duo-320GB-4GB-RAM-NVIDIA-9400M-/261877957736?pt=LH_DefaultDomain_0,PayPal,true,76203,"Denton,TX,USA",US,350.0,350.0,0,Active,P2DT1H33M37S,false,true,500.0,500.0,2015-05-06T04:23:01.000Z,2015-05-11T04:23:01.000Z,AuctionWithBIN,false,false,None,false,false,115182969,http://galleryplus.ebayimg.com/ws/web/221762836230_1_1_1.jpg
231551566625,"Apple MacBook Pro 13.3"" Laptop (June, 2012)",EBAY-US,111422,Apple Laptops,http://thumbs2.ebaystatic.com/m/mJUIkoMHGYpEZ8RG56-hskQ/140.jpg,http://www.ebay.com/itm/Apple-MacBook-Pro-13-3-Laptop-June-2012-/231551566625?pt=LH_DefaultDomain_0,PayPal,false,60471,"Richton Park,IL,USA",US,441.0,441.0,0,Active,P2DT2H10M50S,false,true,750.0,750.0,2015-05-04T05:00:14.000Z,2015-05-11T05:00:14.000Z,AuctionWithBIN,false,false,None,false,false,115182969,http://galleryplus.ebayimg.com/ws/web/221762836230_1_1_1.jpg
151672011963,"Apple MacBook Pro w/Retina 13.3"" Intel Core i5/2.5GHz/128g/8g Ram/Yosemite",EBAY-US,111422,Apple Laptops,http://thumbs4.ebaystatic.com/m/mQdeg_3Zz-LTNRYQ2LvbNiw/140.jpg,http://www.ebay.com/itm/Apple-MacBook-Pro-w-Retina-13-3-Intel-Core-i5-2-5GHz-128g-8g-Ram-Yosemite-/151672011963?pt=LH_DefaultDomain_0,PayPal,true,90027,"Los Angeles,CA,USA",US,701.0,701.0,0,Active,P2DT3H4M15S,false,true,915.0,915.0,2015-05-06T05:53:39.000Z,2015-05-11T05:53:39.000Z,AuctionWithBIN,false,true,None,false,false,129586663,http://galleryplus.ebayimg.com/ws/web/221762836230_1_1_1.jpg
141656755080,"Apple MacBook Pro 15.4"" Laptop (4,1) 4GB RAM, MS Office, Adobe CS6, New Keyboard",EBAY-US,111422,Apple Laptops,http://thumbs1.ebaystatic.com/m/mU0KE7E1_XfvlYHaSYingjw/140.jpg,http://www.ebay.com/itm/Apple-MacBook-Pro-15-4-Laptop-4-1-4GB-RAM-MS-Office-Adobe-CS6-New-Keyboard-/141656755080?pt=LH_DefaultDomain_0,PayPal,false,11249,"Brooklyn,NY,USA",US,459.0,459.0,0,Active,P2DT3H25M2S,false,true,599.0,599.0,2015-05-04T06:14:26.000Z,2015-05-11T06:14:26.000Z,AuctionWithBIN,false,false,None,false,false,108849237,http://galleryplus.ebayimg.com/ws/web/221762836230_1_1_1.jpg
321749137085,"Apple MacBook Pro A1278 13.3"" Laptop - MD101LL/A (June, 2012)",EBAY-US,111422,Apple Laptops,http://thumbs2.ebaystatic.com/m/mgva3Mri1w5lW-XTUDAW3-w/140.jpg,http://www.ebay.com/itm/Apple-MacBook-Pro-A1278-13-3-Laptop-MD101LL-A-June-2012-/321749137085?pt=LH_DefaultDomain_0,PayPal,false,67879,"Tribune,KS,USA",US,500.0,500.0,0,Active,P2DT3H41M57S,false,true,700.0,700.0,2015-05-08T06:31:21.000Z,2015-05-11T06:31:21.000Z,AuctionWithBIN,false,true,None,false,false,115174685,http://galleryplus.ebayimg.com/ws/web/221762836230_1_1_1.jpg
171782106111,Retina Macbook Pro 15inch 2.2GHZ Core i7,EBAY-US,111422,Apple Laptops,http://thumbs4.ebaystatic.com/m/mHei9J0Mt-5VZn836Q4Gb8w/140.jpg,http://www.ebay.com/itm/Retina-Macbook-Pro-15inch-2-2GHZ-Core-i7-/171782106111?pt=LH_DefaultDomain_0,PayPal,false,10017,"New York,NY,USA",US,31.0,31.0,10,Active,P2DT7H20M32S,false,true,1700.0,1700.0,2015-05-08T10:09:56.000Z,2015-05-11T10:09:56.000Z,AuctionWithBIN,false,false,None,false,false,115174685,http://galleryplus.ebayimg.com/ws/web/221762836230_1_1_1.jpg
221763168474,Apple 13 inch MacBook Pro 2.4 GHZ 4GB RAM 500 GB HD,EBAY-US,111422,Apple Laptops,http://thumbs3.ebaystatic.com/m/mkDT4FqE7mqIbSgYfHzR2QQ/140.jpg,http://www.ebay.com/itm/Apple-13-inch-MacBook-Pro-2-4-GHZ-4GB-RAM-500-GB-HD-/221763168474?pt=LH_DefaultDomain_0,PayPal,false,60655,"Chicago,IL,USA",US,399.0,399.0,1,Active,P2DT10H3M37S,false,true,549.0,549.0,2015-05-04T12:53:01.000Z,2015-05-11T12:53:01.000Z,AuctionWithBIN,false,false,None,false,false,108796569,http://galleryplus.ebayimg.com/ws/web/221762836230_1_1_1.jpg
271859616425,"Apple MacBook Pro 15"" Inch (pre-loaded W/ Micrsoft Office, iwork and ilife)",EBAY-US,111422,Apple Laptops,http://thumbs2.ebaystatic.com/m/mMEC2TX_aQMUQ6K8Z09Na7g/140.jpg,http://www.ebay.com/itm/Apple-MacBook-Pro-15-Inch-pre-loaded-W-Micrsoft-Office-iwork-and-ilife-/271859616425?pt=LH_DefaultDomain_0,PayPal,true,92557,"Moreno Valley,CA,USA",US,305.0,305.0,11,Active,P2DT10H5M58S,false,true,800.0,800.0,2015-05-04T12:55:22.000Z,2015-05-11T12:55:22.000Z,AuctionWithBIN,false,false,None,false,false,108796569,http://galleryplus.ebayimg.com/ws/web/221762836230_1_1_1.jpg
221765080948,Apple Macbook Pro Bundle + Mini And Accessories,EBAY-US,111422,Apple Laptops,http://thumbs1.ebaystatic.com/m/m1fLmtT_al-qtTeRc-CbKrQ/140.jpg,http://www.ebay.com/itm/Apple-Macbook-Pro-Bundle-Mini-And-Accessories-/221765080948?pt=LH_DefaultDomain_0,PayPal,true,10977,"Spring Valley,NY,USA",US,100.0,100.0,6,Active,P2DT10H24M21S,false,true,800.0,800.0,2015-05-06T13:13:45.000Z,2015-05-11T13:13:45.000Z,AuctionWithBIN,false,false,None,false,false,108796569,http://galleryplus.ebayimg.com/ws/web/221762836230_1_1_1.jpg
151674584495,"Apple 15.4"" Macbook Pro Retina (Latest Model) - All Options, Max RAM, Video",EBAY-US,111422,Apple Laptops,http://thumbs4.ebaystatic.com/m/mYh_xaFJWse3mx7-HvNk15A/140.jpg,http://www.ebay.com/itm/Apple-15-4-Macbook-Pro-Retina-Latest-Model-All-Options-Max-RAM-Video-/151674584495?pt=LH_DefaultDomain_0,PayPal,false,50312,"Des Moines,IA,USA",US,999.24,999.24,0,Active,P2DT10H35M59S,false,true,1645.31,1645.31,2015-05-08T13:25:23.000Z,2015-05-11T13:25:23.000Z,AuctionWithBIN,false,true,None,false,false,108796569,http://galleryplus.ebayimg.com/ws/web/221762836230_1_1_1.jpg
271861782361,"Apple macbook Pro 2011 13.3"" 4GB",EBAY-US,111422,Apple Laptops,http://thumbs2.ebaystatic.com/m/mI10z21rrRhiBPxW56GgvUQ/140.jpg,http://www.ebay.com/itm/Apple-macbook-Pro-2011-13-3-4GB-/271861782361?pt=LH_DefaultDomain_0,PayPal,false,15650,"Latrobe,PA,USA",US,499.99,499.99,0,Active,P2DT10H58M17S,false,true,649.99,649.99,2015-05-06T13:47:41.000Z,2015-05-11T13:47:41.000Z,AuctionWithBIN,false,true,None,false,false,108796569,http://galleryplus.ebayimg.com/ws/web/221762836230_1_1_1.jpg
201343742401,"Apple MacBook Pro Core 2 Duo 2.33Ghz 15"" Late 2006 2GB RAM 120GB HD Snow Leopard",EBAY-US,111422,Apple Laptops,http://thumbs2.ebaystatic.com/m/m5oxlTg-b_3NU2LTpcmd8Jg/140.jpg,http://www.ebay.com/itm/Apple-MacBook-Pro-Core-2-Duo-2-33Ghz-15-Late-2006-2GB-RAM-120GB-HD-Snow-Leopard-/201343742401?pt=LH_DefaultDomain_0,PayPal,false,55369,"Osseo,MN,USA",US,149.99,149.99,0,Active,P2DT12H13M22S,false,true,199.99,199.99,2015-05-04T15:02:46.000Z,2015-05-11T15:02:46.000Z,AuctionWithBIN,false,false,None,false,false,108796569,http://galleryplus.ebayimg.com/ws/web/221762836230_1_1_1.jpg
251952280914,"Apple MacBook Pro 13"" 320 GB 2.66 GHz 4GB RAM - Microsoft Office Included",EBAY-US,111422,Apple Laptops,http://thumbs3.ebaystatic.com/m/m-JGYdReC1iFNsR2nS73JKw/140.jpg,http://www.ebay.com/itm/Apple-MacBook-Pro-13-320-GB-2-66-GHz-4GB-RAM-Microsoft-Office-Included-/251952280914?pt=LH_DefaultDomain_0,PayPal,false,30068,"Marietta,GA,USA",US,425.0,425.0,0,Active,P2DT12H46M34S,false,true,575.0,575.0,2015-05-08T15:35:58.000Z,2015-05-11T15:35:58.000Z,AuctionWithBIN,false,false,None,false,false,108850048,http://galleryplus.ebayimg.com/ws/web/221762836230_1_1_1.jpg
281686484090,"Apple MacBook Pro A1398 15.4"" Laptop - ME664LL/A + Apple Care",EBAY-US,111422,Apple Laptops,http://thumbs3.ebaystatic.com/m/moFYbyC8yQ1QHKCs5f_Y_LA/140.jpg,http://www.ebay.com/itm/Apple-MacBook-Pro-A1398-15-4-Laptop-ME664LL-A-Apple-Care-/281686484090?pt=LH_DefaultDomain_0,PayPal,false,10010,"New York,NY,USA",US,500.0,500.0,0,Active,P2DT13H42M20S,false,true,1500.0,1500.0,2015-05-08T16:31:44.000Z,2015-05-11T16:31:44.000Z,AuctionWithBIN,false,false,None,false,false,143421978,http://galleryplus.ebayimg.com/ws/web/221762836230_1_1_1.jpg
191574221848,"Apple MacBook Pro 15.4"" Laptop with Retina Display (February, 2013) - Customized",EBAY-US,111422,Apple Laptops,http://thumbs1.ebaystatic.com/m/mdoWwD0BuTwCADqJaruV9Lg/140.jpg,http://www.ebay.com/itm/Apple-MacBook-Pro-15-4-Laptop-Retina-Display-February-2013-Customized-/191574221848?pt=LH_DefaultDomain_0,PayPal,false,11726,"Copiague,NY,USA",US,900.0,900.0,0,Active,P2DT14H9M28S,false,true,1300.0,1300.0,2015-05-06T16:58:52.000Z,2015-05-11T16:58:52.000Z,AuctionWithBIN,false,false,None,false,false,143366736,http://galleryplus.ebayimg.com/ws/web/221762836230_1_1_1.jpg
151667387358,"Apple MacBook Pro 15.4"" Laptop with Retina Display (Early 2013)",EBAY-US,111422,Apple Laptops,http://thumbs3.ebaystatic.com/m/moV9B-RkGQ8KSV38pHLZu3w/140.jpg,http://www.ebay.com/itm/Apple-MacBook-Pro-15-4-Laptop-Retina-Display-Early-2013-/151667387358?pt=LH_DefaultDomain_0,PayPal,true,11213,"Brooklyn,NY,USA",US,990.0,990.0,0,Active,P2DT14H11M21S,false,true,1350.0,1350.0,2015-05-01T17:00:45.000Z,2015-05-11T17:00:45.000Z,AuctionWithBIN,false,false,None,false,false,143366736,http://galleryplus.ebayimg.com/ws/web/221762836230_1_1_1.jpg
271864195411,Macbook Pro 13.3 Retina Display - Z0RA0014 (A1502),EBAY-US,111422,Apple Laptops,http://thumbs4.ebaystatic.com/m/mBwkkQxyOaeNML-0_dAIkxg/140.jpg,http://www.ebay.com/itm/Macbook-Pro-13-3-Retina-Display-Z0RA0014-A1502-/271864195411?pt=LH_DefaultDomain_0,PayPal,false,07645,"Montvale,NJ,USA",US,750.0,750.0,0,Active,P2DT15H13M3S,false,true,1325.0,1325.0,2015-05-08T18:02:27.000Z,2015-05-11T18:02:27.000Z,AuctionWithBIN,false,false,None,false,false,143366736,http://galleryplus.ebayimg.com/ws/web/221762836230_1_1_1.jpg
121638412143,"MacBook Pro A1226, Early 2008",EBAY-US,111422,Apple Laptops,http://thumbs4.ebaystatic.com/pict/1216384121434040_1.jpg,http://www.ebay.com/itm/MacBook-Pro-A1226-Early-2008-/121638412143?pt=LH_DefaultDomain_0,PayPal,false,92805,"Anaheim,CA,USA",US,250.0,250.0,0,Active,P2DT15H29M54S,false,true,400.0,400.0,2015-05-01T18:19:18.000Z,2015-05-11T18:19:18.000Z,AuctionWithBIN,false,false,None,false,false,143366736,http://galleryplus.ebayimg.com/ws/web/221762836230_1_1_1.jpg,Near Perfect Condition!
261881033275,"Apple Macbook Pro 2011 A1286 15"" LCD Core i7 2.2GHz for Parts S/N: C02FK16WDF91",EBAY-US,111422,Apple Laptops,http://thumbs4.ebaystatic.com/m/mzKkbHAgxLK8a9jbGd8BhCw/140.jpg,http://www.ebay.com/itm/Apple-Macbook-Pro-2011-A1286-15-LCD-Core-i7-2-2GHz-Parts-S-N-C02FK16WDF91-/261881033275?pt=LH_DefaultDomain_0,PayPal,true,91761,"Ontario,CA,USA",US,210.0,210.0,0,Active,P2DT15H46M22S,false,true,300.0,300.0,2015-05-08T18:35:46.000Z,2015-05-11T18:35:46.000Z,AuctionWithBIN,false,false,None,false,false,143366736,http://galleryplus.ebayimg.com/ws/web/221762836230_1_1_1.jpg,Near Perfect Condition!
131506910322,"Apple MacBook Pro Custom 15"" Core i7 2.5GHz SSD Late 2011 (8,2 A1286)",EBAY-US,111422,Apple Laptops,http://thumbs3.ebaystatic.com/m/mE1PiiMaKd93jNU0t3-SOAw/140.jpg,http://www.ebay.com/itm/Apple-MacBook-Pro-Custom-15-Core-i7-2-5GHz-SSD-Late-2011-8-2-A1286-/131506910322?pt=LH_DefaultDomain_0,PayPal,false,10036,"New York,NY,USA",US,499.0,499.0,0,Active,P2DT16H1M52S,false,true,999.0,999.0,2015-05-08T18:51:16.000Z,2015-05-11T18:51:16.000Z,AuctionWithBIN,false,true,None,false,false,143366736,http://galleryplus.ebayimg.com/ws/web/221762836230_1_1_1.jpg,Near Perfect Condition!
171780348146,"2010 Macbook Pro 13"" 2.4GHZ, 2G, No HD, NO DISPLAY *FOR PARTS OR REPAIR*",EBAY-US,111422,Apple Laptops,http://thumbs3.ebaystatic.com/m/mzFGd_9ZHurDU6dDXwLxBLw/140.jpg,http://www.ebay.com/itm/2010-Macbook-Pro-13-2-4GHZ-2G-No-HD-NO-DISPLAY-FOR-PARTS-REPAIR-/171780348146?pt=LH_DefaultDomain_0,PayPal,false,10036,USA,US,75.0,75.0,0,Active,P2DT16H17M18S,false,true,100.0,100.0,2015-05-06T19:06:42.000Z,2015-05-11T19:06:42.000Z,AuctionWithBIN,false,false,None,false,false,108850048,http://galleryplus.ebayimg.com/ws/web/221762836230_1_1_1.jpg,Near Perfect Condition!
271862129081,15’’ 2.5Ghz Quad Core i7 Macbook Pro Late 2011 8GB RAM 500GB SSD SOFTWARE,EBAY-US,111422,Apple Laptops,http://thumbs2.ebaystatic.com/m/mHX3M7CAj9NDOiHs1gm19jw/140.jpg,http://www.ebay.com/itm/15-2-5Ghz-Quad-Core-i7-Macbook-Pro-Late-2011-8GB-RAM-500GB-SSD-SOFTWARE-/271862129081?pt=LH_DefaultDomain_0,PayPal,true,94611,"Oakland,CA,USA",US,699.0,699.0,0,Active,P2DT16H24M24S,false,true,1299.0,1299.0,2015-05-06T19:13:48.000Z,2015-05-11T19:13:48.000Z,AuctionWithBIN,false,false,None,false,false,110969698,http://galleryplus.ebayimg.com/ws/web/221762836230_1_1_1.jpg,Near Perfect Condition!
321743521189,"MacBook Pro 13 inch, early 2011, 2.7 GHz processor 500 gb hard drive, 4gb ram",EBAY-US,111422,Apple Laptops,http://thumbs2.ebaystatic.com/m/m69z8ZfEoo-1AavYNDOKwrg/140.jpg,http://www.ebay.com/itm/MacBook-Pro-13-inch-early-2011-2-7-GHz-processor-500-gb-hard-drive-4gb-ram-/321743521189?pt=LH_DefaultDomain_0,PayPal,false,60614,"Chicago,IL,USA",US,565.0,565.0,0,Active,P0DT1H46M43S,false,true,750.0,750.0,2015-05-02T04:36:07.000Z,2015-05-09T04:36:07.000Z,AuctionWithBIN,false,false,None,false,false,108796569,http://galleryplus.ebayimg.com/ws/web/221762836230_1_1_1.jpg,Near Perfect Condition!
181736791884,"*Rarely Used!* Apple MacBook Pro 15"" Mid 2010 ""Core i5"" 2.53 GHz with Photoshop!",EBAY-US,111422,Apple Laptops,http://thumbs1.ebaystatic.com/m/m1zVZF5ELBDUEGb0RusEEcQ/140.jpg,http://www.ebay.com/itm/Rarely-Used-Apple-MacBook-Pro-15-Mid-2010-Core-i5-2-53-GHz-Photoshop-/181736791884?pt=LH_DefaultDomain_0,PayPal,true,90631,"La Habra,CA,USA",US,400.0,400.0,0,Active,P0DT5H56M19S,false,true,600.0,600.0,2015-05-06T08:45:43.000Z,2015-05-09T08:45:43.000Z,AuctionWithBIN,false,false,None,false,false,82994118,http://galleryplus.ebayimg.com/ws/web/221762836230_1_1_1.jpg,Near Perfect Condition!
191573084270,Apple MacBook Pro (Early 2011 Model) - 2.3 GHZ Intel Core i5,EBAY-US,111422,Apple Laptops,http://thumbs3.ebaystatic.com/m/m6BfOhTIlxA8MgzOckUbIjQ/140.jpg,http://www.ebay.com/itm/Apple-MacBook-Pro-Early-2011-Model-2-3-GHZ-Intel-Core-i5-/191573084270?pt=LH_DefaultDomain_0,PayPal,false,77355,"Magnolia,TX,USA",US,420.0,420.0,0,Active,P2DT17H42M40S,false,true,550.0,550.0,2015-05-04T20:32:04.000Z,2015-05-11T20:32:04.000Z,AuctionWithBIN,false,false,None,false,false,82994118,http://galleryplus.ebayimg.com/ws/web/221762836230_1_1_1.jpg,Near Perfect Condition!
111662200327,MacBook Pro Mid-2010 15.4inch,EBAY-US,111422,Apple Laptops,http://thumbs4.ebaystatic.com/m/mzeYqODTXRqxdXB-WxFn-Qg/140.jpg,http://www.ebay.com/itm/MacBook-Pro-Mid-2010-15-4inch-/111662200327?pt=LH_DefaultDomain_0,PayPal,true,77355,USA,US,400.0,400.0,0,Active,P2DT18H59M50S,false,true,650.0,650.0,2015-05-05T09:49:14.000Z,2015-05-11T21:49:14.000Z,AuctionWithBIN,false,false,None,false,false,82994118,http://galleryplus.ebayimg.com/ws/web/221762836230_1_1_1.jpg,Near Perfect Condition!
331546485294,"Apple MacBook Pro  15.4"" 2.66 GHz Intel Core 2 Duo 4GB 1067 MHz DDR3 500GB HD",EBAY-US,111422,Apple Laptops,http://thumbs3.ebaystatic.com/m/m0Koe--e7eE1ZZisc0jFtew/140.jpg,http://www.ebay.com/itm/Apple-MacBook-Pro-15-4-2-66-GHz-Intel-Core-2-Duo-4GB-1067-MHz-DDR3-500GB-HD-/331546485294?pt=LH_DefaultDomain_0,PayPal,false,08550,"Princeton Junction,NJ,USA",US,400.0,400.0,0,Active,P2DT19H41M11S,false,true,650.0,650.0,2015-05-04T22:30:35.000Z,2015-05-11T22:30:35.000Z,AuctionWithBIN,false,false,None,false,false,82994118,http://galleryplus.ebayimg.com/ws/web/221762836230_1_1_1.jpg,Near Perfect Condition!
191576018635,"13"" Macbook Pro OSX 10.8 Microsoft Office Adobe Creative Suit CS6",EBAY-US,111422,Apple Laptops,http://thumbs4.ebaystatic.com/m/mK9swhux3uItPTrOgw8nysg/140.jpg,http://www.ebay.com/itm/13-Macbook-Pro-OSX-10-8-Microsoft-Office-Adobe-Creative-Suit-CS6-/191576018635?pt=LH_DefaultDomain_0,PayPal,false,34203,"Bradenton,FL,USA",US,499.0,499.0,0,Active,P2DT20H1M8S,false,true,650.0,650.0,2015-05-08T22:50:32.000Z,2015-05-11T22:50:32.000Z,AuctionWithBIN,false,true,None,false,false,108837583,http://galleryplus.ebayimg.com/ws/web/221762836230_1_1_1.jpg,Near Perfect Condition!
261876549592,"MacBook Pro 17"" Laptop Late 2011, Widescreen Antiglare, 8GB Ram, 750GB HD",EBAY-US,111422,Apple Laptops,http://thumbs1.ebaystatic.com/m/mPJvU6VYUuleL-AZZG7RGBA/140.jpg,http://www.ebay.com/itm/MacBook-Pro-17-Laptop-Late-2011-Widescreen-Antiglare-8GB-Ram-750GB-HD-/261876549592?pt=LH_DefaultDomain_0,PayPal,true,11566,"Merrick,NY,USA",US,912.0,912.0,6,Active,P2DT20H19M6S,false,true,1299.0,1299.0,2015-05-05T11:08:30.000Z,2015-05-11T23:08:30.000Z,AuctionWithBIN,false,false,None,false,false,108837583,http://galleryplus.ebayimg.com/ws/web/221762836230_1_1_1.jpg,Near Perfect Condition!
391138496840,"Apple MacBook Pro Core i7 2.2 GHz 15"" (MD318LL/A) 4GB 500GB AS-IS NO BATTERY",EBAY-US,111422,Apple Laptops,http://thumbs1.ebaystatic.com/m/mgVllPBMUM-3bfYLZNy2phA/140.jpg,http://www.ebay.com/itm/Apple-MacBook-Pro-Core-i7-2-2-GHz-15-MD318LL-A-4GB-500GB-AS-IS-NO-BATTERY-/391138496840?pt=LH_DefaultDomain_0,PayPal,true,11566,USA,US,399.99,399.99,0,Active,P2DT21H10M40S,false,true,565.99,565.99,2015-05-09T00:00:04.000Z,2015-05-12T00:00:04.000Z,AuctionWithBIN,false,false,None,false,false,110969698,http://galleryplus.ebayimg.com/ws/web/221762836230_1_1_1.jpg,Near Perfect Condition!
391138485620,"Apple MacBook Pro 2.8GHz Core 2 Duo 15"" (MB986LL/A) 4GB 500GB AS-IS NO BATTERY",EBAY-US,111422,Apple Laptops,http://thumbs1.ebaystatic.com/m/mgVllPBMUM-3bfYLZNy2phA/140.jpg,http://www.ebay.com/itm/Apple-MacBook-Pro-2-8GHz-Core-2-Duo-15-MB986LL-A-4GB-500GB-AS-IS-NO-BATTERY-/391138485620?pt=LH_DefaultDomain_0,PayPal,true,11566,USA,US,199.99,199.99,0,Active,P2DT21H11M6S,false,true,349.99,349.99,2015-05-09T00:00:30.000Z,2015-05-12T00:00:30.000Z,AuctionWithBIN,false,false,None,false,false,108850068,http://galleryplus.ebayimg.com/ws/web/221762836230_1_1_1.jpg,Near Perfect Condition!
391138109805,"Apple MacBook Pro Core 2 Duo 2.2GHz 15"" (MA895LL/A) 2GB 120GB AS-IS NO BATTERY",EBAY-US,111422,Apple Laptops,http://thumbs2.ebaystatic.com/m/m1XNPd6DrWFg5ssBIkkL7Hw/140.jpg,http://www.ebay.com/itm/Apple-MacBook-Pro-Core-2-Duo-2-2GHz-15-MA895LL-A-2GB-120GB-AS-IS-NO-BATTERY-/391138109805?pt=LH_DefaultDomain_0,PayPal,true,11566,USA,US,89.99,89.99,0,Active,P2DT21H11M12S,false,true,175.54,175.54,2015-05-09T00:00:36.000Z,2015-05-12T00:00:36.000Z,AuctionWithBIN,false,false,None,false,false,108799255,http://galleryplus.ebayimg.com/ws/web/221762836230_1_1_1.jpg,Near Perfect Condition!
271859767870,"Apple MacBook Pro 15.4"" Laptop - MB133LL/A (February, 2008)",EBAY-US,111422,Apple Laptops,http://thumbs3.ebaystatic.com/m/ma-nIGu2NiuI4L6hafUzNaA/140.jpg,http://www.ebay.com/itm/Apple-MacBook-Pro-15-4-Laptop-MB133LL-A-February-2008-/271859767870?pt=LH_DefaultDomain_0,PayPal,true,10002,"New York,NY,USA",US,225.0,225.0,0,Active,P0DT12H28M56S,false,true,450.0,450.0,2015-05-04T15:18:20.000Z,2015-05-09T15:18:20.000Z,AuctionWithBIN,false,false,None,false,false,78120315,http://galleryplus.ebayimg.com/ws/web/221762836230_1_1_1.jpg,Near Perfect Condition!
131503295868,"Apple MacBook Pro A1278 13.3"" Laptop - MD101LL/A (June, 2012)",EBAY-US,111422,Apple Laptops,http://thumbs1.ebaystatic.com/m/mAB2mcH1LLBa6imDwsOT4yg/140.jpg,http://www.ebay.com/itm/Apple-MacBook-Pro-A1278-13-3-Laptop-MD101LL-A-June-2012-/131503295868?pt=LH_DefaultDomain_0,PayPal,true,61350,"Ottawa,IL,USA",US,500.0,500.0,0,Active,P0DT10H37M43S,false,true,800.0,800.0,2015-05-04T13:27:07.000Z,2015-05-09T13:27:07.000Z,AuctionWithBIN,false,false,None,false,false,115174685,http://galleryplus.ebayimg.com/ws/web/221762836230_1_1_1.jpg,Near Perfect Condition!
181733368844,MacBook Pro 13.3 inch with Original Box and Protective Cases!! Great condition!!,EBAY-US,111422,Apple Laptops,http://thumbs1.ebaystatic.com/m/mwLXzJopz4HWiMaA-lflNCA/140.jpg,http://www.ebay.com/itm/MacBook-Pro-13-3-inch-Original-Box-and-Protective-Cases-Great-condition-/181733368844?pt=LH_DefaultDomain_0,PayPal,false,33615,"Tampa,FL,USA",US,299.0,299.0,1,Active,P0DT12H29M19S,false,true,700.0,700.0,2015-05-02T15:18:43.000Z,2015-05-09T15:18:43.000Z,AuctionWithBIN,false,false,None,false,false,115174685,http://galleryplus.ebayimg.com/ws/web/221762836230_1_1_1.jpg,Near Perfect Condition!
251949677458,MacBook Pro 15.4 2GHz Core Duo 2GB RAM 100GB HDD 10.6 Snow Leopard,EBAY-US,111422,Apple Laptops,http://thumbs3.ebaystatic.com/m/mw2_96sRb_Agctq2QoCzI5Q/140.jpg,http://www.ebay.com/itm/MacBook-Pro-15-4-2GHz-Core-Duo-2GB-RAM-100GB-HDD-10-6-Snow-Leopard-/251949677458?pt=LH_DefaultDomain_0,PayPal,true,94132,"San Francisco,CA,USA",US,99.99,99.99,0,Active,P0DT12H59M52S,false,true,149.99,149.99,2015-05-06T15:49:16.000Z,2015-05-09T15:49:16.000Z,AuctionWithBIN,false,false,None,false,false,78135789,http://galleryplus.ebayimg.com/ws/web/221762836230_1_1_1.jpg,Near Perfect Condition!
261878488191,"Apple MacBook Pro 15.4"" Early 2011 2.3GHz i7 500GB 4GB HD Graphics OSX Yosemite",EBAY-US,111422,Apple Laptops,http://thumbs4.ebaystatic.com/m/mfwzYzaJAM78ABanoGdcABA/140.jpg,http://www.ebay.com/itm/Apple-MacBook-Pro-15-4-Early-2011-2-3GHz-i7-500GB-4GB-HD-Graphics-OSX-Yosemite-/261878488191?pt=LH_DefaultDomain_0,PayPal,true,94132,"San Francisco,CA,USA",US,399.99,399.99,0,Active,P0DT12H59M55S,false,true,649.99,649.99,2015-05-06T15:49:19.000Z,2015-05-09T15:49:19.000Z,AuctionWithBIN,false,false,None,false,false,78135789,http://galleryplus.ebayimg.com/ws/web/221762836230_1_1_1.jpg,Near Perfect Condition!
171772348830,"Apple MacBook Pro 17"" Laptop 2010 8GB 500GB 2.53 Ghz w/Adobe CS5 + Logic Pro",EBAY-US,111422,Apple Laptops,http://thumbs3.ebaystatic.com/m/mBWeJWk9e209ZYZR5v71vKA/140.jpg,http://www.ebay.com/itm/Apple-MacBook-Pro-17-Laptop-2010-8GB-500GB-2-53-Ghz-w-Adobe-CS5-Logic-Pro-/171772348830?pt=LH_DefaultDomain_0,PayPal,false,48430,"Fenton,MI,USA",US,510.0,510.0,8,Active,P0DT14H8M44S,false,true,1000.0,1000.0,2015-04-29T16:58:08.000Z,2015-05-09T16:58:08.000Z,AuctionWithBIN,false,true,None,false,false,128772866,http://galleryplus.ebayimg.com/ws/web/221762836230_1_1_1.jpg,Near Perfect Condition!
161692655763,"Apple MacBook Pro 15.4"" Laptop - MA601LL/A W/ IOS Snow Leopard (May, 2006)",EBAY-US,111422,Apple Laptops,http://thumbs4.ebaystatic.com/m/mu67o3VoKyYqzYDQtfk8fbg/140.jpg,http://www.ebay.com/itm/Apple-MacBook-Pro-15-4-Laptop-MA601LL-A-W-IOS-Snow-Leopard-May-2006-/161692655763?pt=LH_DefaultDomain_0,PayPal,false,33813,"Lakeland,FL,USA",US,76.0,76.0,9,Active,P0DT14H17M6S,false,true,250.0,250.0,2015-05-02T17:06:30.000Z,2015-05-09T17:06:30.000Z,AuctionWithBIN,false,false,None,false,false,101893329,http://galleryplus.ebayimg.com/ws/web/221762836230_1_1_1.jpg,Near Perfect Condition!
181735167963,"MacBook Pro 15"" CUSTOMIZED - 16gb RAM!!! - 512gb SSD - Retina - Broken For Parts",EBAY-US,111422,Apple Laptops,http://thumbs4.ebaystatic.com/m/msCc6jcRbxlOifHVS9OE8Ag/140.jpg,http://www.ebay.com/itm/MacBook-Pro-15-CUSTOMIZED-16gb-RAM-512gb-SSD-Retina-Broken-Parts-/181735167963?pt=LH_DefaultDomain_0,PayPal,true,19104,"Philadelphia,PA,USA",US,649.0,649.0,0,Active,P0DT14H59M26S,false,true,849.0,849.0,2015-05-04T17:48:50.000Z,2015-05-09T17:48:50.000Z,AuctionWithBIN,false,false,None,false,false,115186026,http://galleryplus.ebayimg.com/ws/web/221762836230_1_1_1.jpg,Near Perfect Condition!
151668492016,"Macbook Pro 15.4"" Retina ( Late 2013) 8GB 2 GHz Intel Core i7",EBAY-US,111422,Apple Laptops,http://thumbs1.ebaystatic.com/m/molZ4k3ucPFcxRNeIWFq6Lg/140.jpg,http://www.ebay.com/itm/Macbook-Pro-15-4-Retina-Late-2013-8GB-2-GHz-Intel-Core-i7-/151668492016?pt=LH_DefaultDomain_0,PayPal,true,29673,"Piedmont,SC,USA",US,1195.0,1195.0,0,Active,P0DT15H12M1S,false,true,1699.0,1699.0,2015-05-02T18:01:25.000Z,2015-05-09T18:01:25.000Z,AuctionWithBIN,false,false,None,false,false,115186026,http://galleryplus.ebayimg.com/ws/web/221762836230_1_1_1.jpg,Near Perfect Condition!
281684511130,"Apple MacBook Pro A1286 15.4"" Laptop - MC721LL/A (February, 2011)",EBAY-US,111422,Apple Laptops,http://thumbs3.ebaystatic.com/m/maiKIxPxIBxsUWdbxfk2kuw/140.jpg,http://www.ebay.com/itm/Apple-MacBook-Pro-A1286-15-4-Laptop-MC721LL-A-February-2011-/281684511130?pt=LH_DefaultDomain_0,PayPal,false,29673,USA,US,460.0,460.0,0,Active,P0DT15H33M16S,false,true,600.0,600.0,2015-05-06T18:22:40.000Z,2015-05-09T18:22:40.000Z,AuctionWithBIN,false,false,None,false,false,99700122,http://galleryplus.ebayimg.com/ws/web/221762836230_1_1_1.jpg,Near Perfect Condition!
181735198815,"MacBook Pro 17"" - 320GB - 2.66GHz - 4GB RAM - Broken For Parts",EBAY-US,111422,Apple Laptops,http://thumbs4.ebaystatic.com/m/mj7fhV-wbSyNuNjm7LYb_Mg/140.jpg,http://www.ebay.com/itm/MacBook-Pro-17-320GB-2-66GHz-4GB-RAM-Broken-Parts-/181735198815?pt=LH_DefaultDomain_0,PayPal,true,19104,"Philadelphia,PA,USA",US,299.0,299.0,0,Active,P0DT15H37M17S,false,true,389.0,389.0,2015-05-04T18:26:41.000Z,2015-05-09T18:26:41.000Z,AuctionWithBIN,false,false,None,false,false,99700122,http://galleryplus.ebayimg.com/ws/web/221762836230_1_1_1.jpg,Near Perfect Condition!
221765412673,macbook pro 7 1,EBAY-US,111422,Apple Laptops,http://thumbs2.ebaystatic.com/m/m0SZC04qoCJBUbz0NwJYn1Q/140.jpg,http://www.ebay.com/itm/macbook-pro-7-1-/221765412673?pt=LH_DefaultDomain_0,PayPal,true,22191,"Woodbridge,VA,USA",US,400.0,400.0,0,Active,P0DT16H47M9S,false,true,525.0,525.0,2015-05-06T19:36:33.000Z,2015-05-09T19:36:33.000Z,AuctionWithBIN,false,false,None,false,false,99700122,http://galleryplus.ebayimg.com/ws/web/221762836230_1_1_1.jpg,Near Perfect Condition!
161695042091,"Macbook Pro A1151. Works, But Videochip Needs To Be Replaced. I.e. For Parts.",EBAY-US,111422,Apple Laptops,http://thumbs4.ebaystatic.com/m/mdGh9gdLz2DVQaLdgX_rK0A/140.jpg,http://www.ebay.com/itm/Macbook-Pro-A1151-Works-But-Videochip-Needs-Replaced-I-e-Parts-/161695042091?pt=LH_DefaultDomain_0,PayPal,false,78759,"Austin,TX,USA",US,99.0,99.0,0,Active,P0DT17H37M6S,false,true,160.0,160.0,2015-05-04T20:26:30.000Z,2015-05-09T20:26:30.000Z,AuctionWithBIN,false,false,None,false,false,99700122,http://galleryplus.ebayimg.com/ws/web/221762836230_1_1_1.jpg,Near Perfect Condition!
151663466809,"Apple MacBook Pro 13.3"" Laptop - MB990LL/A (June, 2009) 160 G",EBAY-US,111422,Apple Laptops,http://thumbs2.ebaystatic.com/m/m17dNyiAPASTe6tVYw0_TNQ/140.jpg,http://www.ebay.com/itm/Apple-MacBook-Pro-13-3-Laptop-MB990LL-A-June-2009-160-G-/151663466809?pt=LH_DefaultDomain_0,PayPal,false,48236,"Grosse Pointe,MI,USA",US,300.0,300.0,0,Active,P0DT17H40M55S,false,true,500.0,500.0,2015-05-02T20:30:19.000Z,2015-05-09T20:30:19.000Z,AuctionWithBIN,false,false,None,false,false,78092464,http://galleryplus.ebayimg.com/ws/web/221762836230_1_1_1.jpg,Near Perfect Condition!
281680506488,"Apple MacBook Pro 15.4"" Laptop, 16GB's RAM, 1.25 TB's Storage, Office 2011",EBAY-US,111422,Apple Laptops,http://thumbs1.ebaystatic.com/m/mtpyuh2UU4Y4s1D2T0sTkkg/140.jpg,http://www.ebay.com/itm/Apple-MacBook-Pro-15-4-Laptop-16GBs-RAM-1-25-TBs-Storage-Office-2011-/281680506488?pt=LH_DefaultDomain_0,PayPal,false,78250,"San Antonio,TX,USA",US,499.0,499.0,0,Active,P0DT18H2M13S,false,true,900.0,900.0,2015-05-02T20:51:37.000Z,2015-05-09T20:51:37.000Z,AuctionWithBIN,false,false,None,false,false,110969698,http://galleryplus.ebayimg.com/ws/web/221762836230_1_1_1.jpg,Near Perfect Condition!
181730217526,"Apple MacBook Pro A1278 13.3"" Laptop - MD102LL/A (June, 2012)",EBAY-US,111422,Apple Laptops,http://thumbs3.ebaystatic.com/m/mYQcBslvvSL1fd6iactTQqg/140.jpg,http://www.ebay.com/itm/Apple-MacBook-Pro-A1278-13-3-Laptop-MD102LL-A-June-2012-/181730217526?pt=LH_DefaultDomain_0,PayPal,false,79938,"El Paso,TX,USA",US,560.0,560.0,23,Active,P0DT18H10M46S,false,true,800.0,800.0,2015-04-29T21:00:10.000Z,2015-05-09T21:00:10.000Z,AuctionWithBIN,false,false,None,false,false,115139414,http://galleryplus.ebayimg.com/ws/web/221762836230_1_1_1.jpg,Near Perfect Condition!
261875522932,Apple 13-inch MacBook Pro (A1278),EBAY-US,111422,Apple Laptops,http://thumbs1.ebaystatic.com/m/md4mjXysMInW76HwZNan_hg/140.jpg,http://www.ebay.com/itm/Apple-13-inch-MacBook-Pro-A1278-/261875522932?pt=LH_DefaultDomain_0,PayPal,false,78705,"Austin,TX,USA",US,409.0,409.0,0,Active,P0DT19H11M32S,false,true,532.0,532.0,2015-05-04T22:00:56.000Z,2015-05-09T22:00:56.000Z,AuctionWithBIN,false,false,None,false,false,115139414,http://galleryplus.ebayimg.com/ws/web/221762836230_1_1_1.jpg,Near Perfect Condition!
191569631721,"Macbook Pro 13' 2009 2.26GHz, 160GB, 2GB",EBAY-US,111422,Apple Laptops,http://thumbs2.ebaystatic.com/m/mXL0JPPAXe0drOeu5AEU95A/140.jpg,http://www.ebay.com/itm/Macbook-Pro-13-2009-2-26GHz-160GB-2GB-/191569631721?pt=LH_DefaultDomain_0,PayPal,false,50010,"Ames,IA,USA",US,199.99,199.99,0,Active,P0DT20H8M52S,false,true,500.0,500.0,2015-04-29T22:58:16.000Z,2015-05-09T22:58:16.000Z,AuctionWithBIN,false,false,None,false,false,108837583,http://galleryplus.ebayimg.com/ws/web/221762836230_1_1_1.jpg,Near Perfect Condition!
281680581042,"Apple MacBook Pro w/Retina 15.4"" intel i7 SSD 256gb / 8gb  with two power charge",EBAY-US,111422,Apple Laptops,http://thumbs3.ebaystatic.com/m/mPPYDzPrloJrYyousL8zOHw/140.jpg,http://www.ebay.com/itm/Apple-MacBook-Pro-w-Retina-15-4-intel-i7-SSD-256gb-8gb-two-power-charge-/281680581042?pt=LH_DefaultDomain_0,PayPal,false,47909,"Lafayette,IN,USA",US,999.99,999.99,0,Active,P0DT20H21M9S,false,true,1399.99,1399.99,2015-05-02T23:10:33.000Z,2015-05-09T23:10:33.000Z,AuctionWithBIN,false,false,None,false,false,115136941,http://galleryplus.ebayimg.com/ws/web/221762836230_1_1_1.jpg,Near Perfect Condition!
161692909901,"Apple Macbook Pro 13"" Mid 2010",EBAY-US,111422,Apple Laptops,http://thumbs2.ebaystatic.com/m/mafZUffUN_yz-j9doY4tNfA/140.jpg,http://www.ebay.com/itm/Apple-Macbook-Pro-13-Mid-2010-/161692909901?pt=LH_DefaultDomain_0,PayPal,true,30039,"Snellville,GA,USA",US,150.0,150.0,0,Active,P0DT20H32M29S,false,true,350.0,350.0,2015-05-02T23:21:53.000Z,2015-05-09T23:21:53.000Z,AuctionWithBIN,false,false,None,false,false,108837240,http://galleryplus.ebayimg.com/ws/web/221762836230_1_1_1.jpg,Near Perfect Condition!
291456285692,"MacBook Pro 13 A1278 2012 2.5ghz i5 5gb 500gb, with 2016 Applecare warranty",EBAY-US,111422,Apple Laptops,http://thumbs1.ebaystatic.com/m/mBljpMJ8uJI-wbNIBsYP9vQ/140.jpg,http://www.ebay.com/itm/MacBook-Pro-13-A1278-2012-2-5ghz-i5-5gb-500gb-2016-Applecare-warranty-/291456285692?pt=LH_DefaultDomain_0,PayPal,false,92064,"Poway,CA,USA",US,699.0,699.0,0,Active,P0DT20H39M22S,false,true,920.0,920.0,2015-05-06T23:28:46.000Z,2015-05-09T23:28:46.000Z,AuctionWithBIN,false,true,None,false,false,108837240,http://galleryplus.ebayimg.com/ws/web/221762836230_1_1_1.jpg,Near Perfect Condition!
391136143875,"Apple MacBook Pro Core i7 2.9 GHz 13"" (MD102LL/A) 8GB 750GB AS-IS NO BATTERY",EBAY-US,111422,Apple Laptops,http://thumbs4.ebaystatic.com/m/mmuvdXk0Fu3HkYWxlnMgTwg/140.jpg,http://www.ebay.com/itm/Apple-MacBook-Pro-Core-i7-2-9-GHz-13-MD102LL-A-8GB-750GB-AS-IS-NO-BATTERY-/391136143875?pt=LH_DefaultDomain_0,PayPal,true,92064,USA,US,365.49,365.49,0,Active,P0DT21H25M39S,false,true,544.48,544.48,2015-05-07T00:15:03.000Z,2015-05-10T00:15:03.000Z,AuctionWithBIN,false,false,None,false,false,115182969,http://galleryplus.ebayimg.com/ws/web/221762836230_1_1_1.jpg,Near Perfect Condition!
391136161610,"Apple MacBook Pro 2.53GHz Core 2 Duo 13"" (MB991LL/A) 4GB 500GB AS-IS NO BATTERY",EBAY-US,111422,Apple Laptops,http://thumbs3.ebaystatic.com/m/mmuvdXk0Fu3HkYWxlnMgTwg/140.jpg,http://www.ebay.com/itm/Apple-MacBook-Pro-2-53GHz-Core-2-Duo-13-MB991LL-A-4GB-500GB-AS-IS-NO-BATTERY-/391136161610?pt=LH_DefaultDomain_0,PayPal,true,92064,USA,US,155.55,155.55,0,Active,P0DT21H26M29S,false,true,262.99,262.99,2015-05-07T00:15:53.000Z,2015-05-10T00:15:53.000Z,AuctionWithBIN,false,false,None,false,false,108837583,http://galleryplus.ebayimg.com/ws/web/221762836230_1_1_1.jpg,Near Perfect Condition!
141657595885,"Apple MacBook Pro 15.4"" Laptop A1260 2.4ghz 2gb 250gb Mavericks MB133LL/A 2008",EBAY-US,111422,Apple Laptops,http://thumbs2.ebaystatic.com/m/m5LOsvXiqJkw5TdRLyBD6ew/140.jpg,http://www.ebay.com/itm/Apple-MacBook-Pro-15-4-Laptop-A1260-2-4ghz-2gb-250gb-Mavericks-MB133LL-A-2008-/141657595885?pt=LH_DefaultDomain_0,PayPal,false,35954,"Attalla,AL,USA",US,300.0,300.0,0,Active,P0DT21H45M37S,false,true,400.0,400.0,2015-05-05T12:35:11.000Z,2015-05-10T00:35:01.000Z,AuctionWithBIN,false,false,None,false,false,78120315,http://galleryplus.ebayimg.com/ws/web/221762836230_1_1_1.jpg,Near Perfect Condition!
121644032212,"Used MacBook Pro 13.3"" Laptop (Late 2011) OS X Yosemite",EBAY-US,111422,Apple Laptops,http://thumbs1.ebaystatic.com/m/mw4WJlsdyLrzuNyu8VKAztA/140.jpg,http://www.ebay.com/itm/Used-MacBook-Pro-13-3-Laptop-Late-2011-OS-X-Yosemite-/121644032212?pt=LH_DefaultDomain_0,PayPal,false,97603,"Klamath Falls,OR,USA",US,349.99,349.99,0,Active,P0DT22H1M6S,false,true,499.0,499.0,2015-05-07T00:50:30.000Z,2015-05-10T00:50:30.000Z,AuctionWithBIN,false,false,None,false,false,108850048,http://galleryplus.ebayimg.com/ws/web/221762836230_1_1_1.jpg,Near Perfect Condition!
181733714952,"Apple MacBook Pro 13.3"" Laptop - MC374LL/A (April, 2010)",EBAY-US,111422,Apple Laptops,http://thumbs1.ebaystatic.com/m/mLzUyFrp1OUAJEMCls5kVPw/140.jpg,http://www.ebay.com/itm/Apple-MacBook-Pro-13-3-Laptop-MC374LL-A-April-2010-/181733714952?pt=LH_DefaultDomain_0,PayPal,true,39540,"Diberville,MS,USA",US,220.0,220.0,0,Active,P0DT22H4M53S,false,true,550.0,550.0,2015-05-03T00:54:17.000Z,2015-05-10T00:54:17.000Z,AuctionWithBIN,false,false,None,false,false,84755204,http://galleryplus.ebayimg.com/ws/web/221762836230_1_1_1.jpg,Near Perfect Condition!
181737422881,"Apple Macbook Pro Mid 2010 15"" 2.40GHz Core 2 Duo, 4GB Ram, 320GB HD, Yosemite",EBAY-US,111422,Apple Laptops,http://thumbs2.ebaystatic.com/m/myh-bUz9Ozpat0dhyY96UiA/140.jpg,http://www.ebay.com/itm/Apple-Macbook-Pro-Mid-2010-15-2-40GHz-Core-2-Duo-4GB-Ram-320GB-HD-Yosemite-/181737422881?pt=LH_DefaultDomain_0,PayPal,false,20785,"Hyattsville,MD,USA",US,300.0,300.0,0,Active,P0DT22H53M52S,false,true,500.0,500.0,2015-05-07T01:43:16.000Z,2015-05-10T01:43:16.000Z,AuctionWithBIN,false,false,None,false,false,84755204,http://galleryplus.ebayimg.com/ws/web/221762836230_1_1_1.jpg,Near Perfect Condition!
331548199132,"Apple MacBook Pro 15"" Laptop with Retina Display - me294ll (Late-2013)",EBAY-US,111422,Apple Laptops,http://thumbs1.ebaystatic.com/m/m4eK6kAKev0A-7CqNEf878w/140.jpg,http://www.ebay.com/itm/Apple-MacBook-Pro-15-Laptop-Retina-Display-me294ll-Late-2013-/331548199132?pt=LH_DefaultDomain_0,PayPal,true,01864,"North Reading,MA,USA",US,999.0,999.0,0,Active,P0DT23H49M40S,false,true,1500.0,1500.0,2015-05-07T02:39:04.000Z,2015-05-10T02:39:04.000Z,AuctionWithBIN,false,false,None,false,false,174477604,http://galleryplus.ebayimg.com/ws/web/221762836230_1_1_1.jpg,Near Perfect Condition!
131502427063,Apple MacBook Pro 15 RETINA 2.4Ghz Quad Core i7 16GB 768SSD ME664LL/A Early 2013,EBAY-US,111422,Apple Laptops,http://thumbs4.ebaystatic.com/m/mV1jEHZpOpWTK-xR9vc3J3g/140.jpg,http://www.ebay.com/itm/Apple-MacBook-Pro-15-RETINA-2-4Ghz-Quad-Core-i7-16GB-768SSD-ME664LL-A-Early-2013-/131502427063?pt=LH_DefaultDomain_0,PayPal,true,64057,"Independence,MO,USA",US,918.0,918.0,18,Active,P1DT10H42M13S,false,true,1750.0,1750.0,2015-05-03T13:31:37.000Z,2015-05-10T13:31:37.000Z,AuctionWithBIN,false,false,None,false,false,143229041,http://galleryplus.ebayimg.com/ws/web/221762836230_1_1_1.jpg,Near Perfect Condition!
111661111258,"Apple MacBook Pro 13.3"" Laptop (April, 2010) - Customized",EBAY-US,111422,Apple Laptops,http://thumbs3.ebaystatic.com/m/mjvqmh03ggxtSim4LTuNGBw/140.jpg,http://www.ebay.com/itm/Apple-MacBook-Pro-13-3-Laptop-April-2010-Customized-/111661111258?pt=LH_DefaultDomain_0,PayPal,false,94705,"Berkeley,CA,USA",US,250.0,250.0,0,Active,P1DT11H7M17S,false,true,500.0,500.0,2015-05-03T13:56:41.000Z,2015-05-10T13:56:41.000Z,AuctionWithBIN,false,false,None,false,false,108850048,http://galleryplus.ebayimg.com/ws/web/221762836230_1_1_1.jpg,Near Perfect Condition!
291452204746,"Apple MacBook Pro 15.4"" Laptop (May, 2009) - Customized",EBAY-US,111422,Apple Laptops,http://thumbs3.ebaystatic.com/m/mtfP_P_84bVuDuXlHOMekeA/140.jpg,http://www.ebay.com/itm/Apple-MacBook-Pro-15-4-Laptop-May-2009-Customized-/291452204746?pt=LH_DefaultDomain_0,PayPal,false,11103,"Astoria,NY,USA",US,350.0,350.0,0,Active,P1DT11H38M42S,false,true,500.0,500.0,2015-05-03T14:28:06.000Z,2015-05-10T14:28:06.000Z,AuctionWithBIN,false,false,None,false,false,109254944,http://galleryplus.ebayimg.com/ws/web/221762836230_1_1_1.jpg,Near Perfect Condition!
271860796503,"13.3"" MacBook Pro retina Mid 2013",EBAY-US,111422,Apple Laptops,http://thumbs4.ebaystatic.com/m/mv1JGxZTtWEt3OXr-jP2GuA/140.jpg,http://www.ebay.com/itm/13-3-MacBook-Pro-retina-Mid-2013-/271860796503?pt=LH_DefaultDomain_0,PayPal,true,33196,"Miami,FL,USA",US,374.96,374.96,6,Active,P1DT12H32M28S,false,true,895.0,895.0,2015-05-05T15:21:52.000Z,2015-05-10T15:21:52.000Z,AuctionWithBIN,false,true,None,false,false,174485542,http://galleryplus.ebayimg.com/ws/web/221762836230_1_1_1.jpg,Near Perfect Condition!
321748584400,"MacBook Pro 13.3"" 2.5GHz 4GB SDRAM 500GB Hard Drive *PLEASE READ DESCRIPTION*",EBAY-US,111422,Apple Laptops,http://thumbs1.ebaystatic.com/m/mRypOQb4EQqMB787YHQTirA/140.jpg,http://www.ebay.com/itm/MacBook-Pro-13-3-2-5GHz-4GB-SDRAM-500GB-Hard-Drive-PLEASE-READ-DESCRIPTION-/321748584400?pt=LH_DefaultDomain_0,PayPal,false,77584,"Pearland,TX,USA",US,450.0,450.0,0,Active,P1DT12H54M17S,false,true,600.0,600.0,2015-05-08T03:43:41.000Z,2015-05-10T15:43:41.000Z,AuctionWithBIN,false,false,None,false,false,174485542,http://galleryplus.ebayimg.com/ws/web/221762836230_1_1_1.jpg,Near Perfect Condition!
221766121441,"Apple MacBook Pro MacBook Pro 13.3"" Laptop - ME865LL/A (October, 2013)...",EBAY-US,111422,Apple Laptops,http://thumbs2.ebaystatic.com/m/mWOr8xc0mQ8fAIFaLtFkzGg/140.jpg,http://www.ebay.com/itm/Apple-MacBook-Pro-MacBook-Pro-13-3-Laptop-ME865LL-A-October-2013-/221766121441?pt=LH_DefaultDomain_0,PayPal,true,22033,"Fairfax,VA,USA",US,800.0,800.0,0,Active,P1DT13H6M33S,false,true,1099.99,1099.99,2015-05-07T15:55:57.000Z,2015-05-10T15:55:57.000Z,AuctionWithBIN,false,false,None,false,false,174472295,http://galleryplus.ebayimg.com/ws/web/221762836230_1_1_1.jpg,USED MINT CONDITION MACBOOK PRO RETINA 8GB RAM
261875055522,"MacBook Pro 2.2 Core 4 Gig Ram""Full--Adobe CS6,Logic,Office,FinalCut",EBAY-US,111422,Apple Laptops,http://thumbs3.ebaystatic.com/m/mrSeLrELZXPvmmd3hxqtxow/140.jpg,http://www.ebay.com/itm/MacBook-Pro-2-2-Core-4-Gig-Ram-Full-Adobe-CS6-Logic-Office-FinalCut-/261875055522?pt=LH_DefaultDomain_0,PayPal,false,30318,"Atlanta,GA,USA",US,200.0,200.0,0,Active,P1DT13H37M23S,false,true,371.0,371.0,2015-05-03T16:26:47.000Z,2015-05-10T16:26:47.000Z,AuctionWithBIN,false,false,None,false,false,174472295,http://galleryplus.ebayimg.com/ws/web/221762836230_1_1_1.jpg,USED MINT CONDITION MACBOOK PRO RETINA 8GB RAM
151671477854,"MacBook Pro 15"" Retina (Late 2013) MAX Processor 2.6GHz i7 16gb RAM 512GB SSD",EBAY-US,111422,Apple Laptops,http://thumbs3.ebaystatic.com/m/mGbgRo49NNDj-IOUWMErcoQ/140.jpg,http://www.ebay.com/itm/MacBook-Pro-15-Retina-Late-2013-MAX-Processor-2-6GHz-i7-16gb-RAM-512GB-SSD-/151671477854?pt=LH_DefaultDomain_0,PayPal,true,44236,"Hudson,OH,USA",US,1150.0,1150.0,20,Active,P1DT14H5M20S,false,true,1950.0,1950.0,2015-05-05T16:54:44.000Z,2015-05-10T16:54:44.000Z,AuctionWithBIN,false,false,None,false,false,174477604,http://galleryplus.ebayimg.com/ws/web/221762836230_1_1_1.jpg,USED MINT CONDITION MACBOOK PRO RETINA 8GB RAM
261879766330,"Macbook Pro 15"" -  Amazing design, music & film Production Package!",EBAY-US,111422,Apple Laptops,http://thumbs3.ebaystatic.com/m/mxMqdl9uw1pe3qUyzGx6ffQ/140.jpg,http://www.ebay.com/itm/Macbook-Pro-15-Amazing-design-music-film-Production-Package-/261879766330?pt=LH_DefaultDomain_0,PayPal,true,02184,"Braintree,MA,USA",US,900.0,900.0,0,Active,P1DT14H49M25S,false,true,1495.0,1495.0,2015-05-07T17:38:49.000Z,2015-05-10T17:38:49.000Z,AuctionWithBIN,false,true,None,false,false,174477604,http://galleryplus.ebayimg.com/ws/web/221762836230_1_1_1.jpg,USED MINT CONDITION MACBOOK PRO RETINA 8GB RAM
261875184856,"Apple MacBook Pro 15.4"" Laptop (October, 2011) - Customized",EBAY-US,111422,Apple Laptops,http://thumbs1.ebaystatic.com/m/m9IgBSKT6jo8PhMSQKjrwlg/140.jpg,http://www.ebay.com/itm/Apple-MacBook-Pro-15-4-Laptop-October-2011-Customized-/261875184856?pt=LH_DefaultDomain_0,PayPal,true,18018,"Bethlehem,PA,USA",US,350.0,350.0,0,Active,P1DT15H36M11S,false,true,1000.0,1000.0,2015-05-03T18:25:35.000Z,2015-05-10T18:25:35.000Z,AuctionWithBIN,false,false,None,false,false,110969698,http://galleryplus.ebayimg.com/ws/web/221762836230_1_1_1.jpg,USED MINT CONDITION MACBOOK PRO RETINA 8GB RAM
181735296458,"Mid 2009 Apple MacBook Pro 15"", 320GB, Intel Core 2 Duo @ 2.53GHz, 4GB RAM",EBAY-US,111422,Apple Laptops,http://thumbs3.ebaystatic.com/m/mRHcpwW1J4NFc4Wh0AL8OnA/140.jpg,http://www.ebay.com/itm/Mid-2009-Apple-MacBook-Pro-15-320GB-Intel-Core-2-Duo-2-53GHz-4GB-RAM-/181735296458?pt=LH_DefaultDomain_0,PayPal,false,80003,"Arvada,CO,USA",US,389.98,389.98,0,Active,P2DT17H35M59S,false,true,508.0,508.0,2015-05-05T08:25:35.000Z,2015-05-11T20:25:23.000Z,AuctionWithBIN,false,false,None,false,false,110969698,http://galleryplus.ebayimg.com/ws/web/221762836230_1_1_1.jpg,USED MINT CONDITION MACBOOK PRO RETINA 8GB RAM
291452452543,"Apple MacBook Pro 15.4"" Laptop (August, 2006) - GREAT WORKING CONDITION!",EBAY-US,111422,Apple Laptops,http://thumbs4.ebaystatic.com/m/mEFV0B2iTNObSbNAxNMa6ZA/140.jpg,http://www.ebay.com/itm/Apple-MacBook-Pro-15-4-Laptop-August-2006-GREAT-WORKING-CONDITION-/291452452543?pt=LH_DefaultDomain_0,PayPal,false,60614,"Chicago,IL,USA",US,175.0,175.0,0,Active,P1DT15H43M14S,false,true,250.0,250.0,2015-05-03T18:32:38.000Z,2015-05-10T18:32:38.000Z,AuctionWithBIN,false,false,None,false,false,108796619,http://galleryplus.ebayimg.com/ws/web/221762836230_1_1_1.jpg,USED MINT CONDITION MACBOOK PRO RETINA 8GB RAM
151669461506,Macbook Pro,EBAY-US,111422,Apple Laptops,http://thumbs3.ebaystatic.com/m/mASgLarfvZ860xJRZzo2GGg/140.jpg,http://www.ebay.com/itm/Macbook-Pro-/151669461506?pt=LH_DefaultDomain_0,PayPal,false,68111,"Omaha,NE,USA",US,150.0,150.0,1,Active,P1DT15H49M27S,false,true,235.0,235.0,2015-05-03T18:38:51.000Z,2015-05-10T18:38:51.000Z,AuctionWithBIN,false,false,None,false,false,108796619,http://galleryplus.ebayimg.com/ws/web/221762836230_1_1_1.jpg,USED MINT CONDITION MACBOOK PRO RETINA 8GB RAM
111661330292,"Apple MacBook Pro 15.4"" Laptop (February, 2008) - Customized",EBAY-US,111422,Apple Laptops,http://thumbs1.ebaystatic.com/m/mVLlwvWSh6ziG7NRknsqSMw/140.jpg,http://www.ebay.com/itm/Apple-MacBook-Pro-15-4-Laptop-February-2008-Customized-/111661330292?pt=LH_DefaultDomain_0,PayPal,false,94509,"Antioch,CA,USA",US,156.0,156.0,0,Active,P1DT16H4M52S,false,true,326.99,326.99,2015-05-03T18:54:16.000Z,2015-05-10T18:54:16.000Z,AuctionWithBIN,false,true,None,false,false,108849237,http://galleryplus.ebayimg.com/ws/web/221762836230_1_1_1.jpg,USED MINT CONDITION MACBOOK PRO RETINA 8GB RAM
231554922820,Early 2011 Apple MacBook Pro 15 inch,EBAY-US,111422,Apple Laptops,http://thumbs1.ebaystatic.com/m/mJWz9VcavqoGAH6LYKrO2yg/140.jpg,http://www.ebay.com/itm/Early-2011-Apple-MacBook-Pro-15-inch-/231554922820?pt=LH_DefaultDomain_0,PayPal,true,20037,"Washington,District Of Columbia,USA",US,218.01,218.01,29,Active,P1DT16H11M32S,false,true,700.0,700.0,2015-05-07T19:00:56.000Z,2015-05-10T19:00:56.000Z,AuctionWithBIN,false,false,None,false,false,208292445,http://galleryplus.ebayimg.com/ws/web/221762836230_1_1_1.jpg,USED MINT CONDITION MACBOOK PRO RETINA 8GB RAM
201345699315,MacBook Pro (13-inch Mid 2009) 2.26 GHz Intel Core 2 Duo 2GB RAM 160GB HD,EBAY-US,111422,Apple Laptops,http://thumbs4.ebaystatic.com/m/mM543oa5llbHtb1GuhiJIIw/140.jpg,http://www.ebay.com/itm/MacBook-Pro-13-inch-Mid-2009-2-26-GHz-Intel-Core-2-Duo-2GB-RAM-160GB-HD-/201345699315?pt=LH_DefaultDomain_0,PayPal,false,38732,"Cleveland,MS,USA",US,350.0,350.0,0,Active,P1DT16H29M42S,false,true,480.0,480.0,2015-05-07T19:19:06.000Z,2015-05-10T19:19:06.000Z,AuctionWithBIN,false,false,None,false,false,108837583,http://galleryplus.ebayimg.com/ws/web/221762836230_1_1_1.jpg,USED MINT CONDITION MACBOOK PRO RETINA 8GB RAM
141659260118,"Macbook Pro (13"" 750GB, 2.8ghz i7, 4GM ram)",EBAY-US,111422,Apple Laptops,http://thumbs3.ebaystatic.com/m/mmgscH34WS1qh_cjhM0iBZw/140.jpg,http://www.ebay.com/itm/Macbook-Pro-13-750GB-2-8ghz-i7-4GM-ram-/141659260118?pt=LH_DefaultDomain_0,PayPal,true,80303,"Boulder,CO,USA",US,600.0,600.0,0,Active,P2DT17H41M29S,false,true,780.0,780.0,2015-05-06T20:30:53.000Z,2015-05-11T20:30:53.000Z,AuctionWithBIN,false,false,None,false,false,108796569,http://galleryplus.ebayimg.com/ws/web/221762836230_1_1_1.jpg,USED MINT CONDITION MACBOOK PRO RETINA 8GB RAM
141656394232,"Apple MacBook Pro 15.4"" Laptop (October, 2011)",EBAY-US,111422,Apple Laptops,http://thumbs1.ebaystatic.com/m/mqt3Qx4ILFiTPUcvnT0Aunw/140.jpg,http://www.ebay.com/itm/Apple-MacBook-Pro-15-4-Laptop-October-2011-/141656394232?pt=LH_DefaultDomain_0,PayPal,false,33132,"Miami,FL,USA",US,600.0,600.0,0,Active,P1DT16H44M48S,false,true,800.0,800.0,2015-05-03T19:34:12.000Z,2015-05-10T19:34:12.000Z,AuctionWithBIN,false,false,None,false,false,110969698,http://galleryplus.ebayimg.com/ws/web/221762836230_1_1_1.jpg,USED MINT CONDITION MACBOOK PRO RETINA 8GB RAM
271858959369,"Apple MacBook Pro 15.4"" Laptop (February, 2011) - Customized",EBAY-US,111422,Apple Laptops,http://thumbs2.ebaystatic.com/m/meG885ldzZZvXVBHmGXeeDA/140.jpg,http://www.ebay.com/itm/Apple-MacBook-Pro-15-4-Laptop-February-2011-Customized-/271858959369?pt=LH_DefaultDomain_0,PayPal,false,75217,"Dallas,TX,USA",US,600.0,600.0,0,Active,P1DT16H49M49S,false,true,800.0,800.0,2015-05-03T19:39:13.000Z,2015-05-10T19:39:13.000Z,AuctionWithBIN,false,false,None,false,false,208292445,http://galleryplus.ebayimg.com/ws/web/221762836230_1_1_1.jpg,USED MINT CONDITION MACBOOK PRO RETINA 8GB RAM
221766315073,"Apple MacBook Pro A1278 13.3"" Laptop - MD313LL/A",EBAY-US,111422,Apple Laptops,http://thumbs2.ebaystatic.com/m/m52Nd7YfaUvA4l73UOYjypQ/140.jpg,http://www.ebay.com/itm/Apple-MacBook-Pro-A1278-13-3-Laptop-MD313LL-A-/221766315073?pt=LH_DefaultDomain_0,PayPal,false,02140,"Cambridge,MA,USA",US,350.0,350.0,0,Active,P1DT17H1M3S,false,true,600.0,600.0,2015-05-07T19:50:27.000Z,2015-05-10T19:50:27.000Z,AuctionWithBIN,false,false,None,false,false,146423396,http://galleryplus.ebayimg.com/ws/web/221762836230_1_1_1.jpg,USED MINT CONDITION MACBOOK PRO RETINA 8GB RAM
121642716190,Apple MacBook Pro - Core i5 2.5 Ghz - 500 GB Harddrive - 13.3 Laptop inch laptop,EBAY-US,111422,Apple Laptops,http://thumbs3.ebaystatic.com/m/mVaZxPtWPwzbye9wNJoCGJQ/140.jpg,http://www.ebay.com/itm/Apple-MacBook-Pro-Core-i5-2-5-Ghz-500-GB-Harddrive-13-3-Laptop-inch-laptop-/121642716190?pt=LH_DefaultDomain_0,PayPal,true,16506,"Erie,PA,USA",US,730.0,730.0,0,Active,P1DT17H1M36S,false,true,950.0,950.0,2015-05-05T19:51:00.000Z,2015-05-10T19:51:00.000Z,AuctionWithBIN,false,false,None,false,false,146423396,http://galleryplus.ebayimg.com/ws/web/221762836230_1_1_1.jpg,USED MINT CONDITION MACBOOK PRO RETINA 8GB RAM
121642733566,Apple MacBook Pro - C. i5 2.5 Ghz - 500 GB Harddrive - 13.3 Laptop inch laptop,EBAY-US,111422,Apple Laptops,http://thumbs3.ebaystatic.com/m/mVaZxPtWPwzbye9wNJoCGJQ/140.jpg,http://www.ebay.com/itm/Apple-MacBook-Pro-C-i5-2-5-Ghz-500-GB-Harddrive-13-3-Laptop-inch-laptop-/121642733566?pt=LH_DefaultDomain_0,PayPal,true,16506,"Erie,PA,USA",US,730.0,730.0,0,Active,P1DT17H14M42S,false,true,950.0,950.0,2015-05-05T20:04:06.000Z,2015-05-10T20:04:06.000Z,AuctionWithBIN,false,false,None,false,false,146423396,http://galleryplus.ebayimg.com/ws/web/221762836230_1_1_1.jpg,USED MINT CONDITION MACBOOK PRO RETINA 8GB RAM
121642739918,Apple MacBook Pro - Core i5 2.5 Ghz - 500 GB Harddrive - 13.3 Laptop,EBAY-US,111422,Apple Laptops,http://thumbs3.ebaystatic.com/m/mVaZxPtWPwzbye9wNJoCGJQ/140.jpg,http://www.ebay.com/itm/Apple-MacBook-Pro-Core-i5-2-5-Ghz-500-GB-Harddrive-13-3-Laptop-/121642739918?pt=LH_DefaultDomain_0,PayPal,true,16506,"Erie,PA,USA",US,730.0,730.0,0,Active,P1DT17H16M55S,false,true,950.0,950.0,2015-05-05T20:06:19.000Z,2015-05-10T20:06:19.000Z,AuctionWithBIN,false,false,None,false,false,146423396,http://galleryplus.ebayimg.com/ws/web/221762836230_1_1_1.jpg,USED MINT CONDITION MACBOOK PRO RETINA 8GB RAM
151666465890,"Macbook Pro 13inch ,A1278,8GB, 320GB SSD, 2.53GHz Core 2 Duo",EBAY-US,111422,Apple Laptops,http://thumbs3.ebaystatic.com/m/mloW9vCSMWwVQxxCR2Zrgzg/140.jpg,http://www.ebay.com/itm/Macbook-Pro-13inch-A1278-8GB-320GB-SSD-2-53GHz-Core-2-Duo-/151666465890?pt=LH_DefaultDomain_0,PayPal,true,94118,"San Francisco,CA,USA",US,299.99,299.99,0,Active,P1DT17H47M25S,false,true,549.99,549.99,2015-04-30T20:36:49.000Z,2015-05-10T20:36:49.000Z,AuctionWithBIN,false,false,None,false,false,146423396,http://galleryplus.ebayimg.com/ws/web/221762836230_1_1_1.jpg,USED MINT CONDITION MACBOOK PRO RETINA 8GB RAM
271861239018,Apple MacBook Pro 13 Inch  (i7) 750GB HD 2.8GHZ Late 2011 MD314LL/A,EBAY-US,111422,Apple Laptops,http://thumbs3.ebaystatic.com/pict/2718612390184040_1.jpg,http://www.ebay.com/itm/Apple-MacBook-Pro-13-Inch-i7-750GB-HD-2-8GHZ-Late-2011-MD314LL-A-/271861239018?pt=LH_DefaultDomain_0,PayPal,true,22207,"Arlington,VA,USA",US,217.5,217.5,9,Active,P1DT19H19M22S,false,true,679.99,679.99,2015-05-05T22:08:46.000Z,2015-05-10T22:08:46.000Z,AuctionWithBIN,false,false,None,false,false,110909849,http://galleryplus.ebayimg.com/ws/web/221762836230_1_1_1.jpg,USED MINT CONDITION MACBOOK PRO RETINA 8GB RAM
281683712254,"Apple MacBook Pro Early 2011 -  15.4"" 500GB HHD - 8GB Memory - 2.3 Ghz  Intel i7",EBAY-US,111422,Apple Laptops,http://thumbs3.ebaystatic.com/m/mCr6U46KmizxMa8CQTPn_8w/140.jpg,http://www.ebay.com/itm/Apple-MacBook-Pro-Early-2011-15-4-500GB-HHD-8GB-Memory-2-3-Ghz-Intel-i7-/281683712254?pt=LH_DefaultDomain_0,PayPal,false,85641,"Vail,AZ,USA",US,404.99,404.99,2,Active,P1DT20H16M2S,false,true,795.0,795.0,2015-05-05T23:05:26.000Z,2015-05-10T23:05:26.000Z,AuctionWithBIN,false,false,None,false,false,110969698,http://galleryplus.ebayimg.com/ws/web/221762836230_1_1_1.jpg,USED MINT CONDITION MACBOOK PRO RETINA 8GB RAM
191572468106,"Macbook Pro 13"" (June 2011) 2.30GHz, 320GB, Intel Core i5 2nd Gen.",EBAY-US,111422,Apple Laptops,http://thumbs3.ebaystatic.com/m/m3cWDs4tWTfCF-7gnTwGCqg/140.jpg,http://www.ebay.com/itm/Macbook-Pro-13-June-2011-2-30GHz-320GB-Intel-Core-i5-2nd-Gen-/191572468106?pt=LH_DefaultDomain_0,PayPal,false,01886,"Westford,MA,USA",US,500.0,500.0,0,Active,P1DT20H38M33S,false,true,700.0,700.0,2015-05-03T23:27:57.000Z,2015-05-10T23:27:57.000Z,AuctionWithBIN,false,false,None,false,false,110969698,http://galleryplus.ebayimg.com/ws/web/221762836230_1_1_1.jpg,USED MINT CONDITION MACBOOK PRO RETINA 8GB RAM
291452767260,"Apple MacBook Pro 15""-2.2GHz i7-8GB RAM-750GB HD- Late 2011",EBAY-US,111422,Apple Laptops,http://thumbs1.ebaystatic.com/m/mXAlxn4G-_zC5rhXAUceu1w/140.jpg,http://www.ebay.com/itm/Apple-MacBook-Pro-15-2-2GHz-i7-8GB-RAM-750GB-HD-Late-2011-/291452767260?pt=LH_DefaultDomain_0,PayPal,true,32266,"Neptune Beach,FL,USA",US,455.0,455.0,9,Active,P1DT21H20M35S,false,true,900.0,900.0,2015-05-04T00:09:59.000Z,2015-05-11T00:09:59.000Z,AuctionWithBIN,false,false,None,false,false,208292445,http://galleryplus.ebayimg.com/ws/web/221762836230_1_1_1.jpg,USED MINT CONDITION MACBOOK PRO RETINA 8GB RAM
